{
  "watchlist": [
    {
      "vote_count": 1057,
      "id": 166428,
      "video": false,
      "vote_average": 7.8,
      "title": "How to Train Your Dragon: The Hidden World",
      "popularity": 443.819,
      "poster_path": "https://image.tmdb.org/t/p/w500/xvx4Yhf0DVH8G4LzNISpMfFBDy2.jpg",
      "original_language": "en",
      "original_title": "How to Train Your Dragon: The Hidden World",
      "genre_ids": [
        16,
        10751,
        12
      ],
      "backdrop_path": "/h3KN24PrOheHVYs9ypuOIdFBEpX.jpg",
      "adult": false,
      "overview": "As Hiccup fulfills his dream of creating a peaceful dragon utopia, Toothless’ discovery of an untamed, elusive mate draws the Night Fury away. When danger mounts at home and Hiccup’s reign as village chief is tested, both dragon and rider must make impossible decisions to save their kind.",
      "release_date": "2019-01-03"
    },
    {
      "vote_count": 72,
      "id": 450001,
      "video": false,
      "vote_average": 5.6,
      "title": "Master Z: Ip Man Legacy",
      "popularity": 418.895,
      "poster_path": "https://image.tmdb.org/t/p/w500/2WfjB6FUDTIBVI2y02UGbnHR82s.jpg",
      "original_language": "cn",
      "original_title": "葉問外傳：張天志",
      "genre_ids": [
        28
      ],
      "backdrop_path": "/grtVFGJ4ts0nDAPpc1JWbBoVKTu.jpg",
      "adult": false,
      "overview": "After being defeated by Ip Man, Cheung Tin Chi is attempting to keep a low profile. While going about his business, he gets into a fight with a foreigner by the name of Davidson, who is a big boss behind the bar district. Tin Chi fights hard with Wing Chun and earns respect.",
      "release_date": "2018-12-20"
    }
  ]
}